duration;positions;profit;best_deal;best_deal, %;worst_deal;worst_deal, %;win_rate;average_profit, %;average_loss, %;profitable_positions;total_trades
654 days, 16:00:00;193;6014.15;4592.45;42.99;-999.55;-7.29;41.45;3.32;-1.74;80;386

;time_1;time_2;type;side;notional;price;quantity;profit;fee
0;2020-01-16 04:00:00;2020-01-16 04:00:00;Market;BUY;9990.0;8640.01;1.16;-10000;10.0
1;2020-01-16 08:00:00;2020-01-16 08:00:00;Market;SELL;10036.23;8679.99;1.16;10026.19;10.04
2;2020-01-19 12:00:00;2020-01-19 12:00:00;Market;BUY;10016.16;8681.16;1.15;-10026.19;10.03
3;2020-01-19 16:00:00;2020-01-19 16:00:00;Market;SELL;9958.27;8630.98;1.15;9948.31;9.96
4;2020-01-20 00:00:00;2020-01-20 00:00:00;Market;BUY;9938.36;8701.72;1.14;-9948.31;9.95
5;2020-01-20 04:00:00;2020-01-20 04:00:00;Market;SELL;9899.44;8667.64;1.14;9889.54;9.9
6;2020-02-20 00:00:00;2020-02-20 00:00:00;Market;BUY;9879.65;9594.65;1.03;-9889.54;9.89
7;2020-02-20 04:00:00;2020-02-20 04:00:00;Market;SELL;9855.81;9571.5;1.03;9845.96;9.86
8;2020-02-20 08:00:00;2020-02-20 08:00:00;Market;BUY;9836.11;9606.78;1.02;-9845.96;9.85
9;2020-02-20 12:00:00;2020-02-20 12:00:00;Market;SELL;9793.83;9565.49;1.02;9784.04;9.79
10;2020-02-20 20:00:00;2020-02-20 20:00:00;Market;BUY;9774.26;9553.69;1.02;-9784.04;9.78
11;2020-02-21 00:00:00;2020-02-21 00:00:00;Market;SELL;9818.78;9597.21;1.02;9808.96;9.82
12;2020-04-02 16:00:00;2020-04-02 16:00:00;Market;BUY;9799.15;6805.0;1.44;-9808.96;9.81
13;2020-04-10 04:00:00;2020-04-10 04:00:00;Market;SELL;10333.06;7175.77;1.44;10322.73;10.33
14;2020-04-10 08:00:00;2020-04-10 08:00:00;Market;BUY;10312.4;6922.89;1.49;-10322.73;10.32
15;2020-04-10 12:00:00;2020-04-10 12:00:00;Market;SELL;10275.68;6898.24;1.49;10265.41;10.28
16;2020-04-10 20:00:00;2020-04-10 20:00:00;Market;BUY;10255.14;6900.13;1.49;-10265.41;10.27
17;2020-04-11 00:00:00;2020-04-11 00:00:00;Market;SELL;10193.9;6858.92;1.49;10183.7;10.19
18;2020-04-11 04:00:00;2020-04-11 04:00:00;Market;BUY;10173.52;6907.08;1.47;-10183.7;10.18
19;2020-04-11 08:00:00;2020-04-11 08:00:00;Market;SELL;10128.37;6876.43;1.47;10118.25;10.13
20;2020-04-13 00:00:00;2020-04-13 00:00:00;Market;BUY;10108.13;6903.79;1.46;-10118.25;10.12
21;2020-04-13 04:00:00;2020-04-13 04:00:00;Market;SELL;9773.92;6675.53;1.46;9764.15;9.77
22;2020-04-14 04:00:00;2020-04-14 04:00:00;Market;BUY;9754.38;6885.29;1.42;-9764.15;9.76
23;2020-04-14 08:00:00;2020-04-14 08:00:00;Market;SELL;9658.73;6817.77;1.42;9649.07;9.66
24;2020-04-14 16:00:00;2020-04-14 16:00:00;Market;BUY;9639.42;6906.4;1.4;-9649.07;9.65
25;2020-04-15 00:00:00;2020-04-15 00:00:00;Market;SELL;9586.62;6868.57;1.4;9577.03;9.59
26;2020-04-16 08:00:00;2020-04-16 08:00:00;Market;BUY;9567.46;6893.24;1.39;-9577.03;9.58
27;2020-04-18 08:00:00;2020-04-18 08:00:00;Market;SELL;9840.24;7089.78;1.39;9830.4;9.84
28;2020-04-24 00:00:00;2020-04-24 00:00:00;Market;BUY;9820.57;7483.96;1.31;-9830.4;9.83
29;2020-04-24 04:00:00;2020-04-24 04:00:00;Market;SELL;9871.74;7522.95;1.31;9861.87;9.87
30;2020-04-30 04:00:00;2020-04-30 04:00:00;Market;BUY;9852.0;9289.97;1.06;-9861.87;9.86
31;2020-05-04 08:00:00;2020-05-04 08:00:00;Market;SELL;9171.64;8648.42;1.06;9162.47;9.17
32;2020-05-04 12:00:00;2020-05-04 12:00:00;Market;BUY;9153.31;8672.57;1.06;-9162.47;9.16
33;2020-05-10 04:00:00;2020-05-10 04:00:00;Market;SELL;9100.7;8622.73;1.06;9091.6;9.1
34;2020-05-10 08:00:00;2020-05-10 08:00:00;Market;BUY;9082.51;8812.27;1.03;-9091.6;9.09
35;2020-05-10 12:00:00;2020-05-10 12:00:00;Market;SELL;9004.49;8736.57;1.03;8995.48;9.0
36;2020-05-10 16:00:00;2020-05-10 16:00:00;Market;BUY;8986.49;8652.27;1.04;-8995.48;9.0
37;2020-05-10 20:00:00;2020-05-10 20:00:00;Market;SELL;8829.02;8500.66;1.04;8820.19;8.83
38;2020-05-11 00:00:00;2020-05-11 00:00:00;Market;BUY;8811.37;8722.77;1.01;-8820.19;8.82
39;2020-05-11 04:00:00;2020-05-11 04:00:00;Market;SELL;8784.57;8696.24;1.01;8775.79;8.78
40;2020-05-11 08:00:00;2020-05-11 08:00:00;Market;BUY;8767.01;8664.32;1.01;-8775.79;8.78
41;2020-05-11 12:00:00;2020-05-11 12:00:00;Market;SELL;9031.97;8926.17;1.01;9022.94;9.03
42;2020-05-11 16:00:00;2020-05-11 16:00:00;Market;BUY;9013.91;8882.97;1.01;-9022.94;9.02
43;2020-05-11 20:00:00;2020-05-11 20:00:00;Market;SELL;8874.16;8745.25;1.01;8865.29;8.87
44;2020-05-12 00:00:00;2020-05-12 00:00:00;Market;BUY;8856.42;8562.04;1.03;-8865.29;8.87
45;2020-05-12 04:00:00;2020-05-12 04:00:00;Market;SELL;9016.45;8716.75;1.03;9007.44;9.02
46;2020-05-12 08:00:00;2020-05-12 08:00:00;Market;BUY;8998.43;8655.76;1.04;-9007.44;9.01
47;2020-05-12 12:00:00;2020-05-12 12:00:00;Market;SELL;9149.32;8800.91;1.04;9140.18;9.15
48;2020-05-12 16:00:00;2020-05-12 16:00:00;Market;BUY;9131.04;8867.72;1.03;-9140.18;9.14
49;2020-05-12 20:00:00;2020-05-12 20:00:00;Market;SELL;9053.26;8792.19;1.03;9044.21;9.05
50;2020-05-13 00:00:00;2020-05-13 00:00:00;Market;BUY;9035.17;8810.99;1.03;-9044.21;9.04
51;2020-05-13 04:00:00;2020-05-13 04:00:00;Market;SELL;9138.73;8911.99;1.03;9129.6;9.14
52;2020-05-13 08:00:00;2020-05-13 08:00:00;Market;BUY;9120.47;8867.2;1.03;-9129.6;9.13
53;2020-05-16 20:00:00;2020-05-16 20:00:00;Market;SELL;9596.26;9329.78;1.03;9586.66;9.6
54;2020-05-17 00:00:00;2020-05-17 00:00:00;Market;BUY;9577.08;9380.81;1.02;-9586.66;9.59
55;2020-05-19 04:00:00;2020-05-19 04:00:00;Market;SELL;9729.91;9530.51;1.02;9720.18;9.73
56;2020-05-19 08:00:00;2020-05-19 08:00:00;Market;BUY;9710.46;9573.99;1.01;-9720.18;9.72
57;2020-05-20 16:00:00;2020-05-20 16:00:00;Market;SELL;9548.7;9414.51;1.01;9539.16;9.55
58;2020-05-20 20:00:00;2020-05-20 20:00:00;Market;BUY;9529.62;9531.99;1.0;-9539.16;9.54
59;2020-05-21 00:00:00;2020-05-21 00:00:00;Market;SELL;9509.06;9511.43;1.0;9499.55;9.51
60;2020-05-21 04:00:00;2020-05-21 04:00:00;Market;BUY;9490.05;9483.37;1.0;-9499.55;9.5
61;2020-05-21 08:00:00;2020-05-21 08:00:00;Market;SELL;9464.55;9457.88;1.0;9455.08;9.46
62;2020-05-21 12:00:00;2020-05-21 12:00:00;Market;BUY;9445.63;9389.97;1.01;-9455.08;9.46
63;2020-05-21 16:00:00;2020-05-21 16:00:00;Market;SELL;9136.33;9082.5;1.01;9127.2;9.14
64;2020-05-21 20:00:00;2020-05-21 20:00:00;Market;BUY;9118.07;9065.81;1.01;-9127.2;9.13
65;2020-05-22 00:00:00;2020-05-22 00:00:00;Market;SELL;9119.78;9067.51;1.01;9110.66;9.12
66;2020-05-22 04:00:00;2020-05-22 04:00:00;Market;BUY;9101.55;8995.0;1.01;-9110.66;9.11
67;2020-05-22 08:00:00;2020-05-22 08:00:00;Market;SELL;9189.39;9081.81;1.01;9180.2;9.19
68;2020-05-22 12:00:00;2020-05-22 12:00:00;Market;BUY;9171.02;9166.0;1.0;-9180.2;9.18
69;2020-05-22 16:00:00;2020-05-22 16:00:00;Market;SELL;9228.0;9222.95;1.0;9218.77;9.23
70;2020-05-22 20:00:00;2020-05-22 20:00:00;Market;BUY;9209.55;9173.72;1.0;-9218.77;9.22
71;2020-05-23 00:00:00;2020-05-23 00:00:00;Market;SELL;9205.82;9170.0;1.0;9196.61;9.21
72;2020-05-23 04:00:00;2020-05-23 04:00:00;Market;BUY;9187.42;9286.11;0.99;-9196.61;9.2
73;2020-05-23 08:00:00;2020-05-23 08:00:00;Market;SELL;9157.33;9255.7;0.99;9148.17;9.16
74;2020-06-02 16:00:00;2020-06-02 16:00:00;Market;BUY;9139.02;9468.08;0.97;-9148.17;9.15
75;2020-06-02 20:00:00;2020-06-02 20:00:00;Market;SELL;9177.26;9507.69;0.97;9168.08;9.18
76;2020-06-03 00:00:00;2020-06-03 00:00:00;Market;BUY;9158.91;9518.02;0.96;-9168.08;9.17
77;2020-06-03 04:00:00;2020-06-03 04:00:00;Market;SELL;9133.47;9491.58;0.96;9124.34;9.13
78;2020-06-03 08:00:00;2020-06-03 08:00:00;Market;BUY;9115.21;9506.94;0.96;-9124.34;9.12
79;2020-06-03 12:00:00;2020-06-03 12:00:00;Market;SELL;9221.62;9617.92;0.96;9212.4;9.22
80;2020-07-28 04:00:00;2020-07-28 04:00:00;Market;BUY;9203.18;10970.88;0.84;-9212.4;9.21
81;2020-07-31 00:00:00;2020-07-31 00:00:00;Market;SELL;9311.32;11099.79;0.84;9302.01;9.31
82;2020-08-02 08:00:00;2020-08-02 08:00:00;Market;BUY;9292.71;11325.95;0.82;-9302.01;9.3
83;2020-08-02 12:00:00;2020-08-02 12:00:00;Market;SELL;9111.87;11105.54;0.82;9102.76;9.11
84;2020-08-02 16:00:00;2020-08-02 16:00:00;Market;BUY;9093.65;11083.62;0.82;-9102.76;9.1
85;2020-08-02 20:00:00;2020-08-02 20:00:00;Market;SELL;9191.44;11202.8;0.82;9182.24;9.19
86;2020-08-03 00:00:00;2020-08-03 00:00:00;Market;BUY;9173.06;11071.36;0.83;-9182.24;9.18
87;2020-08-03 04:00:00;2020-08-03 04:00:00;Market;SELL;9226.84;11136.27;0.83;9217.62;9.23
88;2020-08-03 08:00:00;2020-08-03 08:00:00;Market;BUY;9208.4;11196.93;0.82;-9217.62;9.22
89;2020-08-04 00:00:00;2020-08-04 00:00:00;Market;SELL;9227.11;11219.68;0.82;9217.88;9.23
90;2020-08-04 04:00:00;2020-08-04 04:00:00;Market;BUY;9208.66;11261.61;0.82;-9217.88;9.22
91;2020-08-04 12:00:00;2020-08-04 12:00:00;Market;SELL;9091.16;11117.91;0.82;9082.07;9.09
92;2020-08-04 16:00:00;2020-08-04 16:00:00;Market;BUY;9072.99;11210.91;0.81;-9082.07;9.08
93;2020-08-04 20:00:00;2020-08-04 20:00:00;Market;SELL;9081.46;11221.38;0.81;9072.38;9.08
94;2020-08-05 00:00:00;2020-08-05 00:00:00;Market;BUY;9063.3;11191.99;0.81;-9072.38;9.07
95;2020-08-05 08:00:00;2020-08-05 08:00:00;Market;SELL;9133.1;11278.18;0.81;9123.97;9.13
96;2020-10-30 08:00:00;2020-10-30 08:00:00;Market;BUY;9114.84;13218.96;0.69;-9123.97;9.12
97;2020-10-30 12:00:00;2020-10-30 12:00:00;Market;SELL;9203.68;13347.8;0.69;9194.48;9.2
98;2020-11-05 20:00:00;2020-11-05 20:00:00;Market;BUY;9185.29;15120.89;0.61;-9194.48;9.19
99;2020-11-07 20:00:00;2020-11-07 20:00:00;Market;SELL;8895.3;14643.52;0.61;8886.41;8.9
100;2020-11-08 00:00:00;2020-11-08 00:00:00;Market;BUY;8877.52;14818.3;0.6;-8886.41;8.89
101;2020-11-09 16:00:00;2020-11-09 16:00:00;Market;SELL;8986.95;15000.96;0.6;8977.97;8.99
102;2020-11-09 20:00:00;2020-11-09 20:00:00;Market;BUY;8968.99;15360.0;0.58;-8977.97;8.98
103;2020-11-14 04:00:00;2020-11-14 04:00:00;Market;SELL;9447.0;16178.63;0.58;9437.55;9.45
104;2020-11-18 08:00:00;2020-11-18 08:00:00;Market;BUY;9428.12;18063.69;0.52;-9437.55;9.44
105;2020-11-22 12:00:00;2020-11-22 12:00:00;Market;SELL;9338.38;17891.76;0.52;9329.04;9.34
106;2020-11-22 16:00:00;2020-11-22 16:00:00;Market;BUY;9319.71;18295.41;0.51;-9329.04;9.33
107;2020-11-26 04:00:00;2020-11-26 04:00:00;Market;SELL;9132.54;17927.98;0.51;9123.41;9.13
108;2020-11-26 08:00:00;2020-11-26 08:00:00;Market;BUY;9114.29;17610.92;0.52;-9123.41;9.12
109;2020-11-26 12:00:00;2020-11-26 12:00:00;Market;SELL;8849.87;17100.0;0.52;8841.02;8.85
110;2020-11-26 16:00:00;2020-11-26 16:00:00;Market;BUY;8832.18;16906.23;0.52;-8841.02;8.84
111;2020-11-26 20:00:00;2020-11-26 20:00:00;Market;SELL;8628.76;16516.86;0.52;8620.13;8.63
112;2020-11-27 00:00:00;2020-11-27 00:00:00;Market;BUY;8611.51;17149.47;0.5;-8620.13;8.62
113;2020-11-27 04:00:00;2020-11-27 04:00:00;Market;SELL;8575.68;17078.11;0.5;8567.1;8.58
114;2020-11-27 08:00:00;2020-11-27 08:00:00;Market;BUY;8558.54;17095.47;0.5;-8567.1;8.57
115;2020-11-27 12:00:00;2020-11-27 12:00:00;Market;SELL;8405.34;16789.46;0.5;8396.93;8.41
116;2020-11-27 20:00:00;2020-11-27 20:00:00;Market;BUY;8388.54;16803.14;0.5;-8396.93;8.4
117;2020-11-28 00:00:00;2020-11-28 00:00:00;Market;SELL;8556.47;17139.53;0.5;8547.91;8.56
118;2020-11-28 04:00:00;2020-11-28 04:00:00;Market;BUY;8539.36;16990.27;0.5;-8547.91;8.55
119;2020-11-28 08:00:00;2020-11-28 08:00:00;Market;SELL;8551.65;17014.72;0.5;8543.1;8.55
120;2020-11-28 12:00:00;2020-11-28 12:00:00;Market;BUY;8534.56;17160.29;0.5;-8543.1;8.54
121;2020-11-28 16:00:00;2020-11-28 16:00:00;Market;SELL;8711.99;17517.04;0.5;8703.27;8.71
122;2020-11-28 20:00:00;2020-11-28 20:00:00;Market;BUY;8694.57;17814.5;0.49;-8703.27;8.7
123;2020-12-04 12:00:00;2020-12-04 12:00:00;Market;SELL;9192.38;18834.48;0.49;9183.19;9.19
124;2020-12-04 16:00:00;2020-12-04 16:00:00;Market;BUY;9174.01;18944.06;0.48;-9183.19;9.18
125;2020-12-05 00:00:00;2020-12-05 00:00:00;Market;SELL;9031.85;18650.51;0.48;9022.82;9.03
126;2020-12-05 04:00:00;2020-12-05 04:00:00;Market;BUY;9013.8;18818.05;0.48;-9022.82;9.02
127;2020-12-05 08:00:00;2020-12-05 08:00:00;Market;SELL;9058.46;18911.3;0.48;9049.4;9.06
128;2020-12-05 12:00:00;2020-12-05 12:00:00;Market;BUY;9040.36;19013.43;0.48;-9049.4;9.05
129;2020-12-06 00:00:00;2020-12-06 00:00:00;Market;SELL;9104.18;19147.66;0.48;9095.07;9.1
130;2020-12-11 16:00:00;2020-12-11 16:00:00;Market;BUY;9085.98;18104.74;0.5;-9095.07;9.1
131;2020-12-11 20:00:00;2020-12-11 20:00:00;Market;SELL;9020.91;17975.08;0.5;9011.89;9.02
132;2020-12-17 12:00:00;2020-12-17 12:00:00;Market;BUY;9002.88;22752.15;0.4;-9011.89;9.01
133;2020-12-21 12:00:00;2020-12-21 12:00:00;Market;SELL;8961.15;22646.7;0.4;8952.19;8.96
134;2020-12-21 16:00:00;2020-12-21 16:00:00;Market;BUY;8943.24;22693.65;0.39;-8952.19;8.95
135;2020-12-21 20:00:00;2020-12-21 20:00:00;Market;SELL;8991.7;22816.63;0.39;8982.71;8.99
136;2020-12-22 00:00:00;2020-12-22 00:00:00;Market;BUY;8973.73;22719.88;0.39;-8982.71;8.98
137;2020-12-22 08:00:00;2020-12-22 08:00:00;Market;SELL;8948.42;22655.82;0.39;8939.48;8.95
138;2020-12-22 12:00:00;2020-12-22 12:00:00;Market;BUY;8930.54;23119.47;0.39;-8939.48;8.94
139;2020-12-24 04:00:00;2020-12-24 04:00:00;Market;SELL;8843.55;22894.28;0.39;8834.71;8.84
140;2020-12-24 08:00:00;2020-12-24 08:00:00;Market;BUY;8825.87;23173.38;0.38;-8834.71;8.83
141;2021-01-04 12:00:00;2021-01-04 12:00:00;Market;SELL;11708.85;30742.99;0.38;11697.14;11.71
142;2021-01-04 16:00:00;2021-01-04 16:00:00;Market;BUY;11685.45;31745.71;0.37;-11697.14;11.7
143;2021-01-05 08:00:00;2021-01-05 08:00:00;Market;SELL;11343.88;30817.78;0.37;11332.54;11.34
144;2021-01-05 12:00:00;2021-01-05 12:00:00;Market;BUY;11321.2;31776.66;0.36;-11332.54;11.33
145;2021-01-10 20:00:00;2021-01-10 20:00:00;Market;SELL;13350.45;37472.4;0.36;13337.1;13.35
146;2021-01-11 00:00:00;2021-01-11 00:00:00;Market;BUY;13323.76;38150.02;0.35;-13337.1;13.34
147;2021-01-11 04:00:00;2021-01-11 04:00:00;Market;SELL;12376.68;35438.23;0.35;12364.3;12.38
148;2021-01-11 08:00:00;2021-01-11 08:00:00;Market;BUY;12351.94;34372.25;0.36;-12364.3;12.36
149;2021-01-11 12:00:00;2021-01-11 12:00:00;Market;SELL;12289.52;34198.55;0.36;12277.23;12.29
150;2021-01-11 16:00:00;2021-01-11 16:00:00;Market;BUY;12264.95;31582.82;0.39;-12277.23;12.28
151;2021-01-11 20:00:00;2021-01-11 20:00:00;Market;SELL;12525.84;32254.63;0.39;12513.32;12.53
152;2021-01-12 00:00:00;2021-01-12 00:00:00;Market;BUY;12500.8;35410.37;0.35;-12513.32;12.51
153;2021-01-12 04:00:00;2021-01-12 04:00:00;Market;SELL;12350.62;34984.95;0.35;12338.27;12.35
154;2021-01-12 08:00:00;2021-01-12 08:00:00;Market;BUY;12325.93;36413.6;0.34;-12338.27;12.34
155;2021-01-12 12:00:00;2021-01-12 12:00:00;Market;SELL;11986.55;35410.99;0.34;11974.56;11.99
156;2021-01-12 16:00:00;2021-01-12 16:00:00;Market;BUY;11962.59;33829.4;0.35;-11974.56;11.97
157;2021-01-12 20:00:00;2021-01-12 20:00:00;Market;SELL;12265.53;34686.1;0.35;12253.26;12.27
158;2021-01-13 00:00:00;2021-01-13 00:00:00;Market;BUY;12241.01;34049.15;0.36;-12253.26;12.25
159;2021-01-13 04:00:00;2021-01-13 04:00:00;Market;SELL;12158.09;33818.5;0.36;12145.93;12.16
160;2021-01-13 08:00:00;2021-01-13 08:00:00;Market;BUY;12133.79;34986.9;0.35;-12145.93;12.15
161;2021-01-13 12:00:00;2021-01-13 12:00:00;Market;SELL;11925.21;34385.48;0.35;11913.28;11.93
162;2021-01-13 16:00:00;2021-01-13 16:00:00;Market;BUY;11901.37;34673.9;0.34;-11913.28;11.91
163;2021-01-15 16:00:00;2021-01-15 16:00:00;Market;SELL;12222.94;35610.79;0.34;12210.72;12.22
164;2021-01-15 20:00:00;2021-01-15 20:00:00;Market;BUY;12198.51;35218.94;0.35;-12210.72;12.21
165;2021-01-16 00:00:00;2021-01-16 00:00:00;Market;SELL;12724.46;36737.43;0.35;12711.73;12.72
166;2021-01-16 04:00:00;2021-01-16 04:00:00;Market;BUY;12699.02;36532.92;0.35;-12711.73;12.71
167;2021-01-16 08:00:00;2021-01-16 08:00:00;Market;SELL;12710.43;36565.74;0.35;12697.72;12.71
168;2021-01-16 12:00:00;2021-01-16 12:00:00;Market;BUY;12685.02;37680.0;0.34;-12697.72;12.7
169;2021-01-16 20:00:00;2021-01-16 20:00:00;Market;SELL;12246.16;36376.39;0.34;12233.91;12.25
170;2021-01-17 00:00:00;2021-01-17 00:00:00;Market;BUY;12221.68;35994.98;0.34;-12233.91;12.23
171;2021-01-17 04:00:00;2021-01-17 04:00:00;Market;SELL;12283.48;36177.0;0.34;12271.2;12.28
172;2021-01-17 08:00:00;2021-01-17 08:00:00;Market;BUY;12258.93;34760.91;0.35;-12271.2;12.27
173;2021-01-17 12:00:00;2021-01-17 12:00:00;Market;SELL;12438.47;35270.0;0.35;12426.03;12.44
174;2021-01-17 16:00:00;2021-01-17 16:00:00;Market;BUY;12413.6;35728.47;0.35;-12426.03;12.43
175;2021-01-17 20:00:00;2021-01-17 20:00:00;Market;SELL;12380.74;35633.9;0.35;12368.36;12.38
176;2021-01-18 00:00:00;2021-01-18 00:00:00;Market;BUY;12355.99;35824.99;0.34;-12368.36;12.37
177;2021-01-18 04:00:00;2021-01-18 04:00:00;Market;SELL;12108.8;35108.27;0.34;12096.69;12.11
178;2021-01-18 08:00:00;2021-01-18 08:00:00;Market;BUY;12084.59;36100.55;0.33;-12096.69;12.1
179;2021-01-18 20:00:00;2021-01-18 20:00:00;Market;SELL;12034.81;35951.83;0.33;12022.78;12.03
180;2021-01-19 00:00:00;2021-01-19 00:00:00;Market;BUY;12010.75;36622.46;0.33;-12022.78;12.02
181;2021-01-19 20:00:00;2021-01-19 20:00:00;Market;SELL;11898.98;36281.66;0.33;11887.08;11.9
182;2021-01-20 00:00:00;2021-01-20 00:00:00;Market;BUY;11875.2;35901.94;0.33;-11887.08;11.89
183;2021-01-20 04:00:00;2021-01-20 04:00:00;Market;SELL;11597.53;35062.49;0.33;11585.94;11.6
184;2021-01-20 08:00:00;2021-01-20 08:00:00;Market;BUY;11574.35;35672.86;0.32;-11585.94;11.59
185;2021-01-20 12:00:00;2021-01-20 12:00:00;Market;SELL;11169.85;34426.17;0.32;11158.68;11.17
186;2021-01-20 16:00:00;2021-01-20 16:00:00;Market;BUY;11147.52;34193.11;0.33;-11158.68;11.16
187;2021-01-20 20:00:00;2021-01-20 20:00:00;Market;SELL;11474.85;35197.12;0.33;11463.37;11.47
188;2021-01-21 00:00:00;2021-01-21 00:00:00;Market;BUY;11451.91;35468.23;0.32;-11463.37;11.46
189;2021-01-21 04:00:00;2021-01-21 04:00:00;Market;SELL;11162.67;34572.42;0.32;11151.51;11.16
190;2021-01-21 08:00:00;2021-01-21 08:00:00;Market;BUY;11140.36;34624.27;0.32;-11151.51;11.15
191;2021-01-21 12:00:00;2021-01-21 12:00:00;Market;SELL;10362.57;32206.89;0.32;10352.2;10.36
192;2021-01-22 20:00:00;2021-01-22 20:00:00;Market;BUY;10341.85;33589.52;0.31;-10352.2;10.35
193;2021-01-23 00:00:00;2021-01-23 00:00:00;Market;SELL;10144.95;32950.0;0.31;10134.8;10.14
194;2021-01-25 04:00:00;2021-01-25 04:00:00;Market;BUY;10124.67;33568.17;0.3;-10134.8;10.13
195;2021-01-26 00:00:00;2021-01-26 00:00:00;Market;SELL;9728.35;32254.19;0.3;9718.63;9.73
196;2021-01-29 00:00:00;2021-01-29 00:00:00;Market;BUY;9708.91;33368.18;0.29;-9718.63;9.72
197;2021-01-31 16:00:00;2021-01-31 16:00:00;Market;SELL;9561.82;32862.65;0.29;9552.25;9.56
198;2021-02-01 00:00:00;2021-02-01 00:00:00;Market;BUY;9542.7;33092.97;0.29;-9552.25;9.55
199;2021-02-01 16:00:00;2021-02-01 16:00:00;Market;SELL;9562.03;33160.0;0.29;9552.47;9.56
200;2021-02-01 20:00:00;2021-02-01 20:00:00;Market;BUY;9542.92;33838.13;0.28;-9552.47;9.55
201;2021-02-07 16:00:00;2021-02-07 16:00:00;Market;SELL;10694.39;37921.12;0.28;10683.69;10.69
202;2021-02-07 20:00:00;2021-02-07 20:00:00;Market;BUY;10673.01;38050.0;0.28;-10683.69;10.68
203;2021-02-22 12:00:00;2021-02-22 12:00:00;Market;SELL;15291.44;54515.0;0.28;15276.14;15.29
204;2021-02-22 16:00:00;2021-02-22 16:00:00;Market;BUY;15260.87;53236.69;0.29;-15276.14;15.28
205;2021-02-22 20:00:00;2021-02-22 20:00:00;Market;SELL;15361.41;53587.41;0.29;15346.04;15.36
206;2021-02-23 00:00:00;2021-02-23 00:00:00;Market;BUY;15330.7;54087.67;0.28;-15346.04;15.35
207;2021-02-23 04:00:00;2021-02-23 04:00:00;Market;SELL;14710.83;51900.73;0.28;14696.12;14.71
208;2021-02-23 08:00:00;2021-02-23 08:00:00;Market;BUY;14681.42;49642.92;0.3;-14696.12;14.7
209;2021-02-23 12:00:00;2021-02-23 12:00:00;Market;SELL;13710.27;46359.14;0.3;13696.56;13.71
210;2021-02-23 16:00:00;2021-02-23 16:00:00;Market;BUY;13682.87;48602.02;0.28;-13696.56;13.7
211;2021-02-23 20:00:00;2021-02-23 20:00:00;Market;SELL;12816.04;45523.02;0.28;12803.22;12.82
212;2021-02-24 00:00:00;2021-02-24 00:00:00;Market;BUY;12790.42;48891.0;0.26;-12803.22;12.8
213;2021-02-24 04:00:00;2021-02-24 04:00:00;Market;SELL;13308.09;50869.77;0.26;13294.78;13.31
214;2021-02-24 08:00:00;2021-02-24 08:00:00;Market;BUY;13281.49;50090.61;0.27;-13294.78;13.29
215;2021-02-24 12:00:00;2021-02-24 12:00:00;Market;SELL;13352.92;50360.02;0.27;13339.57;13.35
216;2021-02-24 16:00:00;2021-02-24 16:00:00;Market;BUY;13326.23;49819.49;0.27;-13339.57;13.34
217;2021-02-24 20:00:00;2021-02-24 20:00:00;Market;SELL;13096.3;48959.93;0.27;13083.21;13.1
218;2021-02-25 00:00:00;2021-02-25 00:00:00;Market;BUY;13070.12;49676.21;0.26;-13083.21;13.08
219;2021-02-25 04:00:00;2021-02-25 04:00:00;Market;SELL;13209.77;50206.97;0.26;13196.56;13.21
220;2021-02-25 08:00:00;2021-02-25 08:00:00;Market;BUY;13183.36;50395.58;0.26;-13196.56;13.2
221;2021-02-25 12:00:00;2021-02-25 12:00:00;Market;SELL;13158.1;50299.0;0.26;13144.94;13.16
222;2021-02-25 16:00:00;2021-02-25 16:00:00;Market;BUY;13131.8;50850.0;0.26;-13144.94;13.14
223;2021-02-25 20:00:00;2021-02-25 20:00:00;Market;SELL;12768.24;49442.2;0.26;12755.47;12.77
224;2021-02-26 00:00:00;2021-02-26 00:00:00;Market;BUY;12742.71;47073.73;0.27;-12755.47;12.76
225;2021-02-26 04:00:00;2021-02-26 04:00:00;Market;SELL;12812.45;47331.34;0.27;12799.64;12.81
226;2021-02-26 12:00:00;2021-02-26 12:00:00;Market;BUY;12786.84;46427.65;0.28;-12799.64;12.8
227;2021-02-26 16:00:00;2021-02-26 16:00:00;Market;SELL;13107.15;47590.66;0.28;13094.04;13.11
228;2021-02-26 20:00:00;2021-02-26 20:00:00;Market;BUY;13080.94;46959.18;0.28;-13094.04;13.09
229;2021-02-27 00:00:00;2021-02-27 00:00:00;Market;SELL;12890.88;46276.88;0.28;12877.99;12.89
230;2021-02-27 04:00:00;2021-02-27 04:00:00;Market;BUY;12865.11;47423.07;0.27;-12877.99;12.88
231;2021-02-27 08:00:00;2021-02-27 08:00:00;Market;SELL;12791.85;47153.01;0.27;12779.06;12.79
232;2021-02-27 12:00:00;2021-02-27 12:00:00;Market;BUY;12766.28;47299.99;0.27;-12779.06;12.78
233;2021-02-27 16:00:00;2021-02-27 16:00:00;Market;SELL;12558.14;46528.82;0.27;12545.58;12.56
234;2021-02-27 20:00:00;2021-02-27 20:00:00;Market;BUY;12533.04;47405.38;0.26;-12545.58;12.55
235;2021-02-28 00:00:00;2021-02-28 00:00:00;Market;SELL;12188.89;46103.67;0.26;12176.7;12.19
236;2021-03-01 04:00:00;2021-03-01 04:00:00;Market;BUY;12164.53;46336.38;0.26;-12176.7;12.18
237;2021-03-01 08:00:00;2021-03-01 08:00:00;Market;SELL;12152.84;46291.87;0.26;12140.69;12.15
238;2021-03-01 12:00:00;2021-03-01 12:00:00;Market;BUY;12128.55;47722.42;0.25;-12140.69;12.14
239;2021-03-02 20:00:00;2021-03-02 20:00:00;Market;SELL;12063.74;47467.43;0.25;12051.68;12.06
240;2021-03-03 00:00:00;2021-03-03 00:00:00;Market;BUY;12039.63;48436.61;0.25;-12051.68;12.05
241;2021-03-04 20:00:00;2021-03-04 20:00:00;Market;SELL;11931.19;48000.37;0.25;11919.26;11.93
242;2021-03-05 00:00:00;2021-03-05 00:00:00;Market;BUY;11907.34;48374.09;0.25;-11919.26;11.92
243;2021-03-05 04:00:00;2021-03-05 04:00:00;Market;SELL;11640.45;47289.81;0.25;11628.8;11.64
244;2021-03-05 08:00:00;2021-03-05 08:00:00;Market;BUY;11617.18;47380.0;0.25;-11628.8;11.63
245;2021-03-05 12:00:00;2021-03-05 12:00:00;Market;SELL;11641.42;47478.86;0.25;11629.77;11.64
246;2021-03-05 16:00:00;2021-03-05 16:00:00;Market;BUY;11618.14;47867.45;0.24;-11629.77;11.63
247;2021-03-06 12:00:00;2021-03-06 12:00:00;Market;SELL;11691.83;48171.02;0.24;11680.13;11.69
248;2021-03-06 16:00:00;2021-03-06 16:00:00;Market;BUY;11668.45;47267.88;0.25;-11680.13;11.68
249;2021-03-06 20:00:00;2021-03-06 20:00:00;Market;SELL;11933.36;48341.0;0.25;11921.43;11.93
250;2021-03-07 00:00:00;2021-03-07 00:00:00;Market;BUY;11909.51;48882.2;0.24;-11921.43;11.92
251;2021-03-15 08:00:00;2021-03-15 08:00:00;Market;SELL;14079.71;57789.75;0.24;14065.64;14.08
252;2021-03-15 12:00:00;2021-03-15 12:00:00;Market;BUY;14051.57;56150.8;0.25;-14065.64;14.07
253;2021-03-15 16:00:00;2021-03-15 16:00:00;Market;SELL;14069.92;56224.14;0.25;14055.85;14.07
254;2021-03-15 20:00:00;2021-03-15 20:00:00;Market;BUY;14041.8;56570.37;0.25;-14055.85;14.06
255;2021-03-16 00:00:00;2021-03-16 00:00:00;Market;SELL;13802.22;55605.2;0.25;13788.42;13.8
256;2021-03-16 04:00:00;2021-03-16 04:00:00;Market;BUY;13774.63;54272.66;0.25;-13788.42;13.79
257;2021-03-16 08:00:00;2021-03-16 08:00:00;Market;SELL;14020.1;55239.81;0.25;14006.08;14.02
258;2021-03-16 12:00:00;2021-03-16 12:00:00;Market;BUY;13992.07;55464.11;0.25;-14006.08;14.01
259;2021-03-16 16:00:00;2021-03-16 16:00:00;Market;SELL;14088.14;55844.92;0.25;14074.05;14.09
260;2021-03-16 20:00:00;2021-03-16 20:00:00;Market;BUY;14059.98;55731.36;0.25;-14074.05;14.07
261;2021-03-17 04:00:00;2021-03-17 04:00:00;Market;SELL;14003.18;55506.23;0.25;13989.18;14.0
262;2021-03-17 08:00:00;2021-03-17 08:00:00;Market;BUY;13975.19;55819.23;0.25;-13989.18;13.99
263;2021-03-17 12:00:00;2021-03-17 12:00:00;Market;SELL;13730.03;54840.01;0.25;13716.3;13.73
264;2021-03-17 16:00:00;2021-03-17 16:00:00;Market;BUY;13702.58;54930.0;0.25;-13716.3;13.72
265;2021-03-21 04:00:00;2021-03-21 04:00:00;Market;SELL;14416.02;57790.0;0.25;14401.61;14.42
266;2021-03-21 08:00:00;2021-03-21 08:00:00;Market;BUY;14387.21;56972.68;0.25;-14401.61;14.4
267;2021-03-21 12:00:00;2021-03-21 12:00:00;Market;SELL;14209.79;56270.13;0.25;14195.58;14.21
268;2021-03-21 16:00:00;2021-03-21 16:00:00;Market;BUY;14181.39;57159.04;0.25;-14195.58;14.2
269;2021-03-21 20:00:00;2021-03-21 20:00:00;Market;SELL;14270.2;57517.0;0.25;14255.93;14.27
270;2021-03-22 00:00:00;2021-03-22 00:00:00;Market;BUY;14241.67;57351.56;0.25;-14255.93;14.26
271;2021-03-22 04:00:00;2021-03-22 04:00:00;Market;SELL;14294.47;57564.17;0.25;14280.17;14.29
272;2021-03-22 08:00:00;2021-03-22 08:00:00;Market;BUY;14265.89;57576.51;0.25;-14280.17;14.28
273;2021-03-22 12:00:00;2021-03-22 12:00:00;Market;SELL;14299.91;57713.79;0.25;14285.61;14.3
274;2021-03-22 16:00:00;2021-03-22 16:00:00;Market;BUY;14271.32;57082.99;0.25;-14285.61;14.29
275;2021-03-22 20:00:00;2021-03-22 20:00:00;Market;SELL;13881.81;55524.99;0.25;13867.93;13.88
276;2021-03-23 00:00:00;2021-03-23 00:00:00;Market;BUY;13854.06;54083.25;0.26;-13867.93;13.87
277;2021-03-23 04:00:00;2021-03-23 04:00:00;Market;SELL;14007.84;54683.6;0.26;13993.84;14.01
278;2021-03-23 08:00:00;2021-03-23 08:00:00;Market;BUY;13979.84;54166.12;0.26;-13993.84;13.99
279;2021-03-23 12:00:00;2021-03-23 12:00:00;Market;SELL;14001.44;54249.8;0.26;13987.44;14.0
280;2021-03-23 16:00:00;2021-03-23 16:00:00;Market;BUY;13973.45;55165.2;0.25;-13987.44;13.99
281;2021-03-23 20:00:00;2021-03-23 20:00:00;Market;SELL;13933.75;55008.45;0.25;13919.81;13.93
282;2021-03-24 00:00:00;2021-03-24 00:00:00;Market;BUY;13905.89;54342.8;0.26;-13919.81;13.92
283;2021-03-24 04:00:00;2021-03-24 04:00:00;Market;SELL;13907.87;54350.54;0.26;13893.96;13.91
284;2021-03-24 08:00:00;2021-03-24 08:00:00;Market;BUY;13880.07;55464.46;0.25;-13893.96;13.89
285;2021-03-24 20:00:00;2021-03-24 20:00:00;Market;SELL;13697.9;54736.52;0.25;13684.2;13.7
286;2021-03-26 20:00:00;2021-03-26 20:00:00;Market;BUY;13670.52;53773.38;0.25;-13684.2;13.68
287;2021-04-02 12:00:00;2021-04-02 12:00:00;Market;SELL;15137.24;59542.78;0.25;15122.11;15.14
288;2021-04-14 20:00:00;2021-04-14 20:00:00;Market;BUY;15106.99;62150.03;0.24;-15122.11;15.12
289;2021-04-15 08:00:00;2021-04-15 08:00:00;Market;SELL;15275.32;62842.56;0.24;15260.05;15.28
290;2021-04-16 12:00:00;2021-04-16 12:00:00;Market;BUY;15244.79;60853.8;0.25;-15260.05;15.26
291;2021-04-16 16:00:00;2021-04-16 16:00:00;Market;SELL;15419.6;61551.62;0.25;15404.18;15.42
292;2021-04-30 16:00:00;2021-04-30 16:00:00;Market;BUY;15388.78;57180.05;0.27;-15404.18;15.4
293;2021-05-02 20:00:00;2021-05-02 20:00:00;Market;SELL;15296.29;56836.39;0.27;15280.99;15.3
294;2021-05-03 04:00:00;2021-05-03 04:00:00;Market;BUY;15265.71;57925.79;0.26;-15280.99;15.28
295;2021-05-03 12:00:00;2021-05-03 12:00:00;Market;SELL;15458.58;58657.64;0.26;15443.12;15.46
296;2021-05-03 16:00:00;2021-05-03 16:00:00;Market;BUY;15427.68;57603.33;0.27;-15443.12;15.44
297;2021-05-03 20:00:00;2021-05-03 20:00:00;Market;SELL;15417.38;57564.86;0.27;15401.96;15.42
298;2021-05-04 00:00:00;2021-05-04 00:00:00;Market;BUY;15386.56;57169.39;0.27;-15401.96;15.4
299;2021-05-04 04:00:00;2021-05-04 04:00:00;Market;SELL;14924.38;55452.16;0.27;14909.46;14.92
300;2021-05-04 12:00:00;2021-05-04 12:00:00;Market;BUY;14894.55;56143.43;0.27;-14909.46;14.91
301;2021-05-04 16:00:00;2021-05-04 16:00:00;Market;SELL;14273.52;53802.54;0.27;14259.25;14.27
302;2021-05-05 16:00:00;2021-05-05 16:00:00;Market;BUY;14244.99;57635.89;0.25;-14259.25;14.26
303;2021-05-06 20:00:00;2021-05-06 20:00:00;Market;SELL;13872.41;56128.42;0.25;13858.54;13.87
304;2021-05-07 00:00:00;2021-05-07 00:00:00;Market;BUY;13844.68;56393.68;0.25;-13858.54;13.86
305;2021-05-07 04:00:00;2021-05-07 04:00:00;Market;SELL;13675.77;55705.67;0.25;13662.1;13.68
306;2021-05-07 12:00:00;2021-05-07 12:00:00;Market;BUY;13648.44;56464.74;0.24;-13662.1;13.66
307;2021-05-09 16:00:00;2021-05-09 16:00:00;Market;SELL;13869.57;57379.58;0.24;13855.7;13.87
308;2021-05-09 20:00:00;2021-05-09 20:00:00;Market;BUY;13841.84;57266.97;0.24;-13855.7;13.86
309;2021-05-10 20:00:00;2021-05-10 20:00:00;Market;SELL;13471.25;55733.76;0.24;13457.78;13.47
310;2021-05-11 20:00:00;2021-05-11 20:00:00;Market;BUY;13444.32;56608.93;0.24;-13457.78;13.46
311;2021-05-12 00:00:00;2021-05-12 00:00:00;Market;SELL;13458.83;56670.02;0.24;13445.37;13.46
312;2021-05-12 04:00:00;2021-05-12 04:00:00;Market;BUY;13431.93;57756.95;0.23;-13445.37;13.45
313;2021-05-12 12:00:00;2021-05-12 12:00:00;Market;SELL;13121.35;56421.45;0.23;13108.22;13.12
314;2021-06-14 00:00:00;2021-06-14 00:00:00;Market;BUY;13095.12;39020.56;0.34;-13108.22;13.11
315;2021-06-16 20:00:00;2021-06-16 20:00:00;Market;SELL;12980.86;38680.1;0.34;12967.88;12.98
316;2021-06-17 08:00:00;2021-06-17 08:00:00;Market;BUY;12954.91;39208.67;0.33;-12967.88;12.97
317;2021-06-17 20:00:00;2021-06-17 20:00:00;Market;SELL;12457.27;37702.53;0.33;12444.81;12.46
318;2021-06-29 16:00:00;2021-06-29 16:00:00;Market;BUY;12432.37;36248.99;0.34;-12444.81;12.44
319;2021-06-30 16:00:00;2021-06-30 16:00:00;Market;SELL;11727.37;34193.44;0.34;11715.64;11.73
320;2021-07-26 04:00:00;2021-07-26 04:00:00;Market;BUY;11703.93;38283.97;0.31;-11715.64;11.72
321;2021-08-02 00:00:00;2021-08-02 00:00:00;Market;SELL;12182.77;39850.27;0.31;12170.58;12.18
322;2021-08-02 04:00:00;2021-08-02 04:00:00;Market;BUY;12158.41;39785.6;0.31;-12170.58;12.17
323;2021-08-02 08:00:00;2021-08-02 08:00:00;Market;SELL;12255.85;40104.45;0.31;12243.6;12.26
324;2021-08-02 12:00:00;2021-08-02 12:00:00;Market;BUY;12231.35;39542.43;0.31;-12243.6;12.24
325;2021-08-02 16:00:00;2021-08-02 16:00:00;Market;SELL;12281.68;39705.12;0.31;12269.4;12.28
326;2021-08-02 20:00:00;2021-08-02 20:00:00;Market;BUY;12257.13;39177.85;0.31;-12269.4;12.27
327;2021-08-03 00:00:00;2021-08-03 00:00:00;Market;SELL;12247.43;39146.86;0.31;12235.18;12.25
328;2021-08-03 04:00:00;2021-08-03 04:00:00;Market;BUY;12222.95;38658.48;0.32;-12235.18;12.24
329;2021-08-03 08:00:00;2021-08-03 08:00:00;Market;SELL;12202.38;38593.43;0.32;12190.18;12.2
330;2021-08-03 12:00:00;2021-08-03 12:00:00;Market;BUY;12177.99;38490.02;0.32;-12190.18;12.19
331;2021-08-03 16:00:00;2021-08-03 16:00:00;Market;SELL;12076.56;38169.45;0.32;12064.49;12.08
332;2021-08-03 20:00:00;2021-08-03 20:00:00;Market;BUY;12052.42;38008.8;0.32;-12064.49;12.06
333;2021-08-04 00:00:00;2021-08-04 00:00:00;Market;SELL;12115.28;38207.04;0.32;12103.17;12.12
334;2021-08-04 04:00:00;2021-08-04 04:00:00;Market;BUY;12091.06;37976.82;0.32;-12103.17;12.1
335;2021-08-04 08:00:00;2021-08-04 08:00:00;Market;SELL;12043.95;37828.84;0.32;12031.91;12.04
336;2021-08-04 12:00:00;2021-08-04 12:00:00;Market;BUY;12019.87;38160.06;0.31;-12031.91;12.03
337;2021-08-05 08:00:00;2021-08-05 08:00:00;Market;SELL;12243.68;38870.58;0.31;12231.43;12.24
338;2021-08-05 12:00:00;2021-08-05 12:00:00;Market;BUY;12219.2;38008.45;0.32;-12231.43;12.23
339;2021-08-05 16:00:00;2021-08-05 16:00:00;Market;SELL;12457.6;38750.0;0.32;12445.14;12.46
340;2021-08-05 20:00:00;2021-08-05 20:00:00;Market;BUY;12432.7;40692.24;0.31;-12445.14;12.45
341;2021-08-12 12:00:00;2021-08-12 12:00:00;Market;SELL;13673.25;44752.56;0.31;13659.57;13.67
342;2021-08-12 16:00:00;2021-08-12 16:00:00;Market;BUY;13645.92;44196.19;0.31;-13659.57;13.66
343;2021-08-12 20:00:00;2021-08-12 20:00:00;Market;SELL;13700.14;44371.8;0.31;13686.44;13.7
344;2021-08-13 00:00:00;2021-08-13 00:00:00;Market;BUY;13672.75;44400.06;0.31;-13686.44;13.69
345;2021-08-14 08:00:00;2021-08-14 08:00:00;Market;SELL;14663.12;47616.12;0.31;14648.45;14.66
346;2021-08-14 12:00:00;2021-08-14 12:00:00;Market;BUY;14633.81;46570.54;0.31;-14648.45;14.65
347;2021-08-15 00:00:00;2021-08-15 00:00:00;Market;SELL;14790.28;47068.5;0.31;14775.49;14.79
348;2021-08-15 08:00:00;2021-08-15 08:00:00;Market;BUY;14760.71;45738.34;0.32;-14775.49;14.78
349;2021-08-15 12:00:00;2021-08-15 12:00:00;Market;SELL;14820.49;45923.57;0.32;14805.67;14.82
350;2021-08-16 04:00:00;2021-08-16 04:00:00;Market;BUY;14790.86;47357.62;0.31;-14805.67;14.81
351;2021-08-16 08:00:00;2021-08-16 08:00:00;Market;SELL;14775.95;47309.85;0.31;14761.17;14.78
352;2021-08-16 16:00:00;2021-08-16 16:00:00;Market;BUY;14746.41;46344.03;0.32;-14761.17;14.76
353;2021-08-16 20:00:00;2021-08-16 20:00:00;Market;SELL;14666.53;46092.98;0.32;14651.86;14.67
354;2021-08-17 04:00:00;2021-08-17 04:00:00;Market;BUY;14637.21;46417.0;0.32;-14651.86;14.65
355;2021-08-17 08:00:00;2021-08-17 08:00:00;Market;SELL;14489.15;45947.49;0.32;14474.66;14.49
356;2021-08-17 12:00:00;2021-08-17 12:00:00;Market;BUY;14460.19;46845.15;0.31;-14474.66;14.47
357;2021-08-17 16:00:00;2021-08-17 16:00:00;Market;SELL;14115.96;45730.0;0.31;14101.85;14.12
358;2021-08-17 20:00:00;2021-08-17 20:00:00;Market;BUY;14087.74;45465.01;0.31;-14101.85;14.1
359;2021-08-18 00:00:00;2021-08-18 00:00:00;Market;SELL;13849.44;44695.95;0.31;13835.59;13.85
360;2021-08-18 04:00:00;2021-08-18 04:00:00;Market;BUY;13821.76;45055.78;0.31;-13835.59;13.84
361;2021-08-18 08:00:00;2021-08-18 08:00:00;Market;SELL;13789.71;44951.31;0.31;13775.92;13.79
362;2021-08-18 12:00:00;2021-08-18 12:00:00;Market;BUY;13762.15;44746.6;0.31;-13775.92;13.78
363;2021-08-18 16:00:00;2021-08-18 16:00:00;Market;SELL;14092.28;45820.0;0.31;14078.18;14.09
364;2021-08-18 20:00:00;2021-08-18 20:00:00;Market;BUY;14064.11;44901.11;0.31;-14078.18;14.08
365;2021-08-19 00:00:00;2021-08-19 00:00:00;Market;SELL;14000.92;44699.37;0.31;13986.92;14.0
366;2021-08-19 04:00:00;2021-08-19 04:00:00;Market;BUY;13972.93;44046.97;0.32;-13986.92;13.99
367;2021-08-19 08:00:00;2021-08-19 08:00:00;Market;SELL;14167.4;44660.01;0.32;14153.23;14.17
368;2021-08-19 12:00:00;2021-08-19 12:00:00;Market;BUY;14139.08;44215.24;0.32;-14153.23;14.15
369;2021-08-22 08:00:00;2021-08-22 08:00:00;Market;SELL;15731.5;49195.01;0.32;15715.77;15.73
370;2021-08-26 08:00:00;2021-08-26 08:00:00;Market;BUY;15700.06;46891.75;0.33;-15715.77;15.72
371;2021-08-26 12:00:00;2021-08-26 12:00:00;Market;SELL;15681.36;46835.9;0.33;15665.68;15.68
372;2021-08-26 16:00:00;2021-08-26 16:00:00;Market;BUY;15650.01;46800.0;0.33;-15665.68;15.67
373;2021-08-26 20:00:00;2021-08-26 20:00:00;Market;SELL;15694.89;46934.22;0.33;15679.2;15.69
374;2021-09-15 00:00:00;2021-09-15 00:00:00;Market;BUY;15663.52;47103.28;0.33;-15679.2;15.68
375;2021-09-15 04:00:00;2021-09-15 04:00:00;Market;SELL;15654.27;47075.47;0.33;15638.62;15.65
376;2021-10-01 08:00:00;2021-10-01 08:00:00;Market;BUY;15622.98;44788.42;0.35;-15638.62;15.64
377;2021-10-03 08:00:00;2021-10-03 08:00:00;Market;SELL;16706.96;47896.0;0.35;16690.25;16.71
378;2021-10-06 16:00:00;2021-10-06 16:00:00;Market;BUY;16673.56;54984.2;0.3;-16690.25;16.69
379;2021-10-08 04:00:00;2021-10-08 04:00:00;Market;SELL;16319.07;53815.21;0.3;16302.75;16.32
380;2021-10-08 08:00:00;2021-10-08 08:00:00;Market;BUY;16286.45;54829.38;0.3;-16302.75;16.3
381;2021-10-09 00:00:00;2021-10-09 00:00:00;Market;SELL;16026.93;53955.67;0.3;16010.9;16.03
382;2021-10-11 04:00:00;2021-10-11 04:00:00;Market;BUY;15994.89;56505.05;0.28;-16010.9;16.01
383;2021-10-11 20:00:00;2021-10-11 20:00:00;Market;SELL;16273.22;57488.33;0.28;16256.95;16.27
384;2021-10-12 20:00:00;2021-10-12 20:00:00;Market;BUY;16240.69;55329.78;0.29;-16256.95;16.26
385;2021-10-13 08:00:00;2021-10-13 08:00:00;Market;SELL;16030.18;54612.6;0.29;16014.15;16.03
